size, time, n_ints,
256, 0.001000, 1536,
256, 0.000000, 1536,
256, 0.000000, 1536,
256, 0.000000, 1536,
256, 0.000000, 1536,
