size, time, n_ints,
256, 0.001000, 768,
256, 0.000000, 768,
256, 0.000000, 768,
256, 0.000000, 768,
256, 0.000000, 768,
