size, time, n_ints,
1024, 0.000000, 10240,
1024, 0.000000, 10240,
1024, 0.000000, 10240,
1024, 0.000000, 10240,
1024, 0.001000, 10240,
