size, time, n_ints,
1024, 0.000000, 3072,
1024, 0.000000, 3072,
1024, 0.000000, 3072,
1024, 0.000000, 3072,
1024, 0.000000, 3072,
