size, time, n_ints,
4096, 0.001000, 12288,
4096, 0.000000, 12288,
4096, 0.000000, 12288,
4096, 0.000000, 12288,
4096, 0.000000, 12288,
