size, time, n_ints,
4096, 0.000000, 73728,
4096, 0.000000, 73728,
4096, 0.000000, 73728,
4096, 0.000000, 73728,
4096, 0.000000, 73728,
