size, time, n_ints,
16384, 0.000000, 49152,
16384, 0.001000, 49152,
16384, 0.000000, 49152,
16384, 0.000000, 49152,
16384, 0.000000, 49152,
