size, time, n_ints,
16384, 0.001000, 557056,
16384, 0.000000, 557056,
16384, 0.001000, 557056,
16384, 0.000000, 557056,
16384, 0.001000, 557056,
