size, time, n_ints,
65536, 0.001000, 196608,
65536, 0.001000, 196608,
65536, 0.002000, 196608,
65536, 0.001000, 196608,
65536, 0.002000, 196608,
