size, time, n_ints,
65536, 0.005000, 4325376,
65536, 0.004000, 4325376,
65536, 0.005000, 4325376,
65536, 0.004000, 4325376,
65536, 0.004000, 4325376,
