size, time, n_ints,
262144, 0.014000, 786432,
262144, 0.011000, 786432,
262144, 0.012000, 786432,
262144, 0.011000, 786432,
262144, 0.010000, 786432,
