size, time, n_ints,
262144, 0.032000, 34078720,
262144, 0.035000, 34078720,
262144, 0.032000, 34078720,
262144, 0.033000, 34078720,
262144, 0.034000, 34078720,
