size, time, n_ints,
1048576, 0.267000, 270532608,
1048576, 0.275000, 270532608,
1048576, 0.274000, 270532608,
1048576, 0.273000, 270532608,
1048576, 0.275000, 270532608,
