size, time, n_ints,
1048576, 0.082000, 3145728,
1048576, 0.082000, 3145728,
1048576, 0.081000, 3145728,
1048576, 0.082000, 3145728,
1048576, 0.082000, 3145728,
