size, time, n_ints,
1048576, 0.272000, 270532608,
1048576, 0.272000, 270532608,
1048576, 0.272000, 270532608,
1048576, 0.272000, 270532608,
1048576, 0.270000, 270532608,
